text,true_label,ai_label
"Шведский боец смешанного стиля (MMA) Хамзат Чимаев отреагировал на сравнения с россиянином Хабибом Нурмагомедовым. Его слова передает  MMA Junkie . 26-летний спортсмен признался, что ему не важно, что его часто называют «Хабибом версии 3.0». «Мне нравится то, как он дерется. Для меня он лучший боец на сегодня без учета весовых категорий», — отметил он. При этом Чимаев подчеркнул, что скоро он опередит Нурмагомедова и займет место лучшего в Абсолютном бойцовском чемпионате (UFC). Он также подчеркнул, что не видит для себя никакой сложности в данном виде спорта. «Я валю людей и получаю за это деньги», — заключил он. Ранее 26 июля Чимаев  одержал  вторую победу в UFC за 10 дней, установив рекорд организации. Уроженец Чечни дебютировал в промоушене 16 июля. Эффектный старт Чимаева в UFC оценили эксперты и журналисты. Уже после дебюта шведа неоднократно сравнивали с Нурмагомедовым, называя Чимаева «новым Хабибом». Нурмагомедов — чемпион UFC в легком весе. Россиянин занимает второе место в рейтинге лучших бойцов UFC без учета весовых категорий. На его счету 28 побед в 28 поединках в MMA. Чимаев родился в Чечне. Он переехал в Швецию в возрасте 16 лет. На счету бойца восемь побед и ни одного поражения в MMA.",Спорт,Спорт
"Жительница Сингапура сняла на видео, как две крысы устроили поединок на глазах у кота. На запись обратил внимание портал Bored Panda. 8 июля женщина под ником Cheez Goh опубликовала в  Facebook  видео с крысами и предложила зрителям угадать, за кем в итоге погнался кот. На кадрах крысы дерутся в одном из жилых домов. Кот стоит поодаль и терпеливо наблюдает за их битвой. Видео прерывается, когда грызуны разбегаются в разные стороны. «Шла домой и стала свидетелем такой забавной картины! — написала Cheez Goh под видео. — Мы привыкли к дерущимся котам. А вы когда-нибудь видели, как дерутся крысы? Кот поступил мудро, что не полез в чужую разборку. Угадаете, за кем в итоге погнался кот? За той, что побежала в мою сторону, или той, которая умчалась в противоположном направлении? Победителя угощу кофе». Публикация стала вирусной и собрала десятки комментариев. Люди принялись шутить, вспоминать сцены из фильмов и угадывать мысли героев видео. Одни заявляли, что крысы устроили битву, чтобы отвлечь кота. Другие же фантазировали, что именно кот заставил грызунов драться, а сам наслаждался зрелищем. Позже Cheez Goh рассказала журналистам, что именно произошло за кадром. «Одна из крыс побежала в мою сторону, не заметив, что я снимаю ее на видео. Я испугалась, что она приближается ко мне, и встрепенулась. Тогда крыса развернулась в сторону кота. Правда, кот все равно упустил ее — та улизнула в канализацию. Крыса оказалась очень шустрой!» — отметила она. Ранее  сообщалось , что в испанском городе Малага крупная крыса дала отпор напавшей на нее бродячей кошке. На записи видно, как черная кошка пытается схватить огромную крысу, но через несколько секунд грызун решительно прыгает в ее сторону, а хищница пятится.",Из жизни,Из жизни
"Племянница фюрера Третьего рейха Адольфа Гитлера Ангелика (Гели) Раубаль была его единственной любовью, считает итальянский писатель Фабиано Массими. Детали их отношений он раскрыл в своей новой книге «Ангел Мюнхена» (El ángel de Múnich), сообщает La Vanguardia. Как рассказал изданию Массими, хотя его книга считается романом, она основана на исторических документах, которые он изучал в процессе работы. «Мой итальянский издатель подсчитал, что 91 процент написанного — это правда. В книге есть библиография из 70 источников, с которыми я ознакомился», — пояснил он. По словам писателя, отношения между Гитлером и Гели, которая была дочерью его сводной сестры, начались, когда ему было 36 лет, а ей — 17. С 1929 года они начали жить вместе в квартире в Мюнхене. При этом доподлинно неизвестно, связывали ли их сексуальные отношения, однако, отметил Массими, есть информация о том, что будущий фюрер изображал свою племянницу обнаженной на нескольких зарисовках углем — на данный момент эти изображения не найдены. Кроме того, есть свидетельства, что Гитлер неоднократно заявлял, что Гели была единственной женщиной, на которой он хотел жениться. Отдельное внимание в своей книге автор уделил обстоятельствам смерти Раубаль в сентябре 1931 года, которые до сих пор остаются загадочными. По словам Массими, к тому времени отношения между Гитлером и Гели испортились. По некоторым данным, она хотела расстаться с ним и уехать в Вену, где планировала учиться пению и где, предположительно, у нее был любовник, однако Гитлер ей это запретил. 19 сентября 1931-го они снова поспорили, и Гитлер уехал в Гамбург, а спустя некоторое время ему сообщили о смерти Раубаль. «Когда Гели умерла, Гитлер исчез на три дня и три ночи», — рассказал писатель, отметив, что будущий фюрер даже хотел покончить с собой. При этом, по словам автора романа, в кончине Гели все неоднозначно. По некоторым данным, она совершила самоубийство, осознав невозможность сбежать от Гитлера. Однако ряд свидетельств говорит о том, что Гели могла быть убита по приказу Гитлера, который ревновал ее, или его сторонников, чтобы связь с ней не помешала его продвижению во власти. Массими считает, что к этому был причастен друг и личный фотограф Гитлера  Генрих Гофман  — он якобы застрелил Гели из того же пистолета, с помощью которого в 1945-м покончил с собой фюрер, пишет El Espanol. После смерти возлюбленной Гитлер распорядился закрыть комнату, в которой она умерла, превратив ее в своеобразный мавзолей. При этом в кабинетах фюрера всегда был портрет или бюст Гели. По словам Массими, на одном из заседаний Нюрнбергского трибунала рейхсмаршал Третьего рейха  Герман Геринг  заявлял, что смерть племянницы стала последней каплей для Гитлера, после которой он потерял остатки человечности. По мнению писателя, если бы Гели была жива, возможно, история всего мира сложилась бы иначе. В 2019 году профессор Томас Лундмарк в своей книге о гражданской жене фюрера  Еве Браун   заявил , что она никогда не занималась сексом с Гитлером из-за редкого гинекологического заболевания. Суть отношений Гитлера и Браун профессор объяснил тем, что женщина предложила лидеру нацистской Германии защиту от слухов о его личной жизни.",Наука и техника,Ценности
"«Ньюкасл »на своем поле разгромил «Шеффилд Юнайтед» в матче 30-го тура Английской премьер-лиги (АПЛ). Об этом сообщает корреспондент «Ленты.ру». Встреча прошла в воскресенье, 21 июня, и завершилась со счетом 3:0 в пользу хозяев. В первом тайме зрители не увидели голов. Во второй половине игры у сорок отличились  Аллан Сент-Максимен , Мэтт Ричи и Жоэлинтон. Победа позволила «Ньюкаслу» набрать 38 очков и выйти на 12-е место в чемпионате. В активе «Шеффилда» 44 очка, команда занимает седьмую позицию. В следующем туре «Ньюкасл» 24 июня на своем поле примет «Астон Виллу». «Шеффилд» в тот же день на выезде сыграет с « Манчестер Юнайтед ».",Спорт,Спорт
"Популярная американская плюс-сайз-модель и активистка бодипозитива Эшли Грэм опубликовала в соцсетях видео домашней тренировки, а также продемонстрировала поклонникам свое тело после родов. Публикация появились в сторис ее  Instagram -аккаунта. В ролике Грэм на коврике практикует йогу и снимает упражнения на камеру смартфона. Она одета в черный спортивный топ и синие шорты-велосипедки. На последующих кадрах 32-летняя знаменитость танцует перед объективом в красном бикини с мокрыми волосами. По информации издания Daily Mail, в настоящий момент модель находится в доме своей матери в Небраске, где поселилась вместе с мужем, режиссером Джастином Эрвином, и пятимесячным сыном Исааком после вспышки пандемии коронавируса. В июне Эшли Грэм  покормила  ребенка на съемке для модного издания Harper's Bazaar. На фото, размещенном на обложке, она держит на руках сына и кормит его грудью на камеру. Ее запечатлели в поле в белом длинном платье с несколькими вырезами, которые оголяют ее ноги. Грэм также попозировала в светлом бюстгальтере, легинсах и белом халате.",Ценности,Ценности
"Американский  журнал Time  поместил на обложку рисованное изображение председателя КНР  Си Цзиньпина  в медицинской маске. Передовица издания доступна на его официальном  сайте , а также в  Twitter -аккаунте журнала. Посвященная китайскому лидеру статья называется «Вспышка коронавируса может разрушить мечты Си Цзиньпина о китайском веке». В ней журналист Time рассуждает о том, как связанный с распространением коронавируса кризис повлиял на китайское общество и какие проблемы он продемонстрировал. В частности, автор статьи рассказал о хрупкости существующей в Китае системы управления страной и негативных сторонах чрезмерной централизации власти. Ранее таблоид Jyllands-Posten  опубликовал  карикатуру, на которой пять звезд на государственном флаге КНР заменили изображением коронавируса. Посольство Китая в Дании посчитало изображение оскорбительным, заявило, что свобода слова в данном случае «вышла за пределы этических границ», и потребовало извинений. Число заболевших пневмонией, вызванной вирусом 2019-nCoV, в Китае превысило 28 тысяч, умерли 565 человек. Вспышка коронавируса впервые была зафиксирована в китайском Ухане в конце декабря 2019 года. Помимо КНР, случаи заболевания выявлены более чем в 20 странах.  ВОЗ  уже признала вспышку коронавируса 2019-nCoV чрезвычайной ситуацией международного значения. Специалисты не исключают, что вспышка вируса перерастет в пандемию.",Интернет и СМИ,Интернет и СМИ
"Крупнейшая российская биржа — Московская — попадет под суд из-за претензий трейдеров, которые лишились прибыли при игре на падающей нефти американской марки WTI, сообщает  РИА Новости  со ссылкой на представляющую истцов юридическую компанию Milton Legal. Поводом для иска может послужить преждевременное закрытие торгов во время сессии 20 апреля, по итогам которой было зафиксировано первое в истории падение цен на майские фьючерсы WTI. На нью-йоркской площадке NYMEX котировки достигли минус 40 долларов за баррель, однако  Московская биржа  остановила торги на уровне 8,84 доллара. Из-за этого, как утверждается, некоторые инвесторы, прежде купившие контракты по более высокой цене, не смогли вовремя закрыть позицию: продать фьючерсы или поставить заявку на фиксирование потерь «стоп-лосс». В итоге окончательные финансовые результаты рассчитывались по цене NYMEX, но российские трейдеры с определенного момента не могли повлиять на ситуацию. Убыток каждого истца от действий руководства Московской биржи, как сообщается, составил почти 48 долларов за один не проданный вовремя контракт. Сама биржа ранее объясняла закрытие торгов технической неподготовленностью: инфраструктура площадки не предусматривала возможность отрицательных цен. Во время самой сессии 20 апреля многие аналитики критиковали NYMEX за продолжение торгов вопреки стандартному для бирж правилу их остановки при слишком сильном колебании цен. На Нью-Йоркской бирже торгуется поставочный фьючерс. Это означает, что любое колебание котировок не отражается на трейдерах, зафиксировавших цену при покупке или продаже. На Московской бирже торгуется расчетный контракт, по которому не предусмотрена поставка базового актива в последний день торгов. Итоговый финансовый результат участников складывается из вариационной маржи, которая начисляется или списывается с их счета в конце каждого дня, — цена для них не фиксирована, а потому возможны как прибыли, так и убытки. 23 апреля стало известно, что в США началось расследование по поводу возможного незаконного обогащения российских трейдеров, торговавших контрактами на нефть в период сильной волатильности последних двух месяцев и обладавших при этом инсайдерской информацией. О конкретных параметрах сомнительных сделок ничего не сообщалось.",Экономика,Экономика
"Приверженцы схиигумена Сергия (Романова) из Среднеуральского женского монастыря стерли все материалы съемочной группы телеведущей  Ксении Собчак . Об этом сообщает  URA.RU. На опубликованных кадрах Собчак и ее оператор у здания полиции делятся впечатлениями от инцидента в монастыре. По словам журналистов, монахини отобрали у них оборудование и стерли все отснятые данные. «Оказывается, у всех монашек iPhone, на которые они снимают, и еще и флешки умеют форматировать», — сказал оператор. Собчак обратила внимание на слаженность действий охраны монастыря и монахинь. Телеведущая сравнила их со спецназом. «Даже по тому маленькому видео, которое удалось снять, видно, что они действуют абсолютно профессионально, такое ощущение, что это подготовленные спецназовцы: они нас рассекли, по отдельности избили мужчин и держали меня, чтобы я не могла выйти из монашеского круга. Сейчас я понимаю, что это очень профессиональные действия», — заявила она. Ранее 27 июня Собчак в своем Telegram-канале  сообщила , что во время съемок в монастыре на ее команду было совершено нападение. Она вместе со съемочной группой  находится  в Екатеринбурге, где пройдет церковный суд над схиигуменом Сергием. Позже телеведущая  разместила  в сети видеозапись нападения. На кадрах видно, что Собчак не позволяют пройти в монастырь, чтобы поговорить со схиигуменом Сергием. Перегородившие ей дорогу служители церкви атаковали оператора Сергея, после чего отобрали и сломали его камеру. Также на записи запечатлен момент нападения на Филиппа — бывшего послушника монастыря — и на саму журналистку.",Интернет и СМИ,Интернет и СМИ
"В России зарегистрировали новую тест-систему для выявления антител к коронавирусу, разработанную государственным научным центром «Вектор». Об этом сообщили в пресс-службе  Роспотребнадзора , передает  РИА Новости . Отмечается, что система позволит выявлять переболевших коронавирусом, изучать популяционный иммунитет и проводить оценку эффективности разрабатываемых вакцин против заболевания. Выданное регистрационное удостоверение является бессрочным. Ранее  Федеральное медико-биологическое агентство  (ФМБА)  представило  две новые тест-системы: для быстрого выявления коронавируса и для обнаружения антител. В частности, тест на антитела в сыворотке крови представляет собой «96-луночный планшет с оптической регистрацией результатов». Отмечалось, что система будет зарегистрирована в начале следующей недели. До этого столичный департамент здравоохранения  предупредил  врачей о частых случаях ложных отрицательных результатов на коронавирус. Это может увеличить риски развития тяжелых форм заболевания.",Наука и техника,Наука и техника
"Генеральный директор «Сочи» Дмитрий Рубашко прояснил будущее нападающего  петербургского «Зенита»   Александра Кокорина . Его слова приводит  «Чемпионат.com» . «Все уже написано и озвучено. Он сейчас играет за ""Зенит""? А кто вам сказал, что он сейчас в ""Сочи""?» — заявил Рубашко. По его словам, руководство «Зенита» не объявило об аренде Кокорина, так как трансферное окно еще открыто. Ранее 21 января «Сочи»  объявил  об аренде 28-летнего форварда у «Зенита». При этом футболист находится на сборах с сине-бело-голубыми в Катаре и  отметился  хет-триком в товарищеском матче против местной команды. В сентябре 2019-го Кокорин вернулся в «Зенит» после освобождения из колонии. Вместе с другим футболистом  Павлом Мамаевым  он находился под стражей с октября 2018-го. Игроков задержали и впоследствии осудили за участие в двух драках в Москве.",Спорт,Спорт
"Мультимиллионер из Великобритании Питер Доу предложил ночевать бездомным в мусорных баках. Он изобрел капсулу для сна из двух красных контейнеров на колесиках, которая стоит 100 фунтов стерлингов (8,2 тысячи рублей). Об этом пишет Daily Mirror. По словам Доу, баллотировавшегося в Кембридже от партии Брексита на выборах 2019 года, его изобретение может иметь мировое значение. Когда мультимиллионера спросили, а спал ли он сам в капсуле, тот ответил, что лежал в ней 10 минут. Известно, что ранее мужчина уже создал одноместный автомобиль из мусорных баков. «Я увидел по телевизору бездомных, которые жаловались, что их пинают и мочатся на них. Когда вы лежите на улице в спальном мешке, вы очень уязвимы. Я не решаю проблему бездомных, просто даю им возможность», — рассказал Доу об идее появления «мусорного дома». Мультимиллионер предположил, что его изобретение, когда человек бодрствует, может быть использовано как место для хранения одежды и других вещей. Когда мужчина принес две капсулы в кембриджский приют для бездомных, то никто не подошел воспользоваться изобретением. В сети «спальня» из мусорных баков была воспринята негативно. «Это, возможно, одно из худших и самых унизительных изобретений, которые я когда-либо видел», «Имейте в виду, что вы можете купить дешевую палатку за эти же деньги, и это действительно поможет вам переночевать на улице», — написали интернет-пользователи.",Дом,Дом
"Отдохнувшая в Сочи россиянка раскрыла схемы обмана туристов на черноморском курорте. Наблюдениями девушка поделилась в своем блоге «Нескучная жизнь» на платформе « Яндекс Дзен ». Как отметила туристка, с мошенниками на курорте можно встретиться уже при аренде жилья, оплатив его на фейковом сайте или наткнувшись на ложное объявление, — на месте окажется, что квартира не сдается, а получивший деньги человек не является ее хозяином. «Или бронируете номер по хорошей стоимости, но, когда приезжаете, оказывается, что по какой-либо причине в гостиницу заселиться нельзя. И вам предложат варианты по более высокой цене. Учитывая положение, большинство соглашаются», — написала автор блога. Также, по ее словам, местные жители обманывают туристов при продаже экскурсий. «Уличные бюро продают вам тур, скажем, по цене 700 рублей против ценника отеля 2300 рублей. Во время экскурсии вдруг выясняется, что нужно еще заплатить за вход в достопримечательность, например, на Красной Поляне это будет 1700 рублей. Вам ""забыли"" сказать об этом сразу», — отметила путешественница. Также, добавила она, во время экскурсии туристов могут завезти на обед или дегустацию с ценами «в три-четыре раза выше, чем в самом городе». Кроме того, по словам туристки, некоторые местные жители продают приезжим дешевое заводское вино, выдавая его за домашнее, и обвешивают их на рынках при покупке фруктов или овощей сетками. «Вместо озвученных 15 килограммов может быть только восемь», — отметила россиянка. Ранее крымские журналисты  раскрыли  новые схемы обмана туристов на полуострове. По их словам, мошенники создали фальшивые сайты для бронирования отелей и начали продавать российским туристам путевки в закрытые и несуществующие гостиницы.",Путешествия,Путешествия
"Пользователей сети возмутила реклама видеоигры Conflict of Nations: World War 3, которая отсылает к убийству США иранского генерала в Ираке. На произошедшее обратило внимание издание Daily Mail. Реклама стратегии появилась в  Twitter . «Иран начинает Третью мировую войну? Прямо сейчас смоделируйте в Conflict of Nations любой сценарий, какой только можете придумать!» — говорится в описании. В сообщении также используется популярный хештег про приближение войны — #WWIII: под ним в сети  делятся  впечатлениями от первых дней 2020 года. Реклама отсылает к ухудшению отношений между Ираном и США из-за американской операции, во время которой был убит генерал элитного иранского спецподразделения «Аль-Кудс»  Касем Сулеймани . Подобное использование ситуации для раскручивания Conflict of Nations пользователи сочли по меньшей мере неуместным. «Я люблю стратегии, но это невероятно безвкусная и отвратительная реклама. Позор вам», —  прокомментировал  один из юзеров. «Давайте проясним: если Третья мировая действительно случится, то ее начнут США и  Дональд Трамп , а не Иран», —  написал  другой. Он также охарактеризовал игру как «дерьмовую пропаганду». Под рекламным постом пользователи массово отметили, что пожаловались на рекламу. Conflict of Nations — бесплатная военная стратегическая игра. Ее разрабатывает гамбургская студия Dorado Games. Комментариев со стороны компании пока не поступало. Глава «Аль-Кудс» Корпуса стражей исламской революции Касем Сулеймани был убит 3 января в ходе ракетного удара США по аэропорту Багдада. Приказ об уничтожении был отдан лично американским президентом Дональдом Трампом. Глава  МИД  Ирана Мохаммад Джавад Зариф  назвал  действия США проявлением терроризма, а бывший командующий КСИР пообещал отомстить за гибель Сулеймани.",Интернет и СМИ,Интернет и СМИ
"Российская супермодель  Ирина Шейк  рассказала о расставании с американским актером  Брэдли Купером . Об этом пишет  Super.ru . По ее словам, два прекрасных человека не обязательно смогут создать хорошую пару. «Я думаю, нам очень повезло пережить то, что было между нами», — сказала Шейк. Она добавила, что является сильной личностью и некоторые мужчины боятся этого. Модель подчеркнула, что если кто-то уходит из ее жизни, то уходит окончательно. «Я действительно рву все связи. Думаю, некоторые в самом деле боятся этой холодности. Немногие знают, что под всем этим — добрый, милый человек, который плачет в интервью», — добавила Шейк. В июне прошлого года  сообщалось , что Ирина Шейк и Брэдли Купер расстались после четырех лет отношений. Отмечается, что пара согласилась оформить равноправную опеку над их двухлетней дочерью Леей де Сейн (Lea De Seine). Документ пока официально не подписан.",Ценности,Ценности
"Застрявшие в Нью-Йорке российские туристы написали открытое письмо на имя  Владимира Путина  с просьбой помочь им вернуться домой. Текст опубликовал на своей странице во  «ВКонтакте»  находящийся в США иллюзионист Илья Яничев. Как говорится в письме, в аэропорту Нью-Йорка вторые сутки находятся россияне, которые заранее приобрели билеты на самолет в Москву. Однако за несколько часов до вылета рейс был отменен без последующего перебронирования. В авиакомпании пассажирам предложили выбираться из данной ситуации самостоятельно, отказав в предоставлении ночлега и питания. «Среди пассажиров есть дети и пенсионеры. Находясь в очаге заражения вирусом COVID-19, мы подвергаемся смертельной опасности без дополнительных средств защиты. Обращаемся к вам с просьбой в кратчайшие часы решить эту проблему и дать возможность всем гражданам вернуться на территорию Российской Федерации», — говорится в тексте. Письмо адресовано президенту Владимиру Путину, премьер-министру  Михаилу Мишустину , главе  МИД   Сергею Лаврову  и министру обороны  Сергею Шойгу . Под обращением подписались 66 человек, включая самого Яничева. Ранее  сообщалось , что россиянам, которые застряли за границей и оказались в сложном финансовом положении из-за коронавируса, дадут денег. Такое распоряжение  Минфину  отдал премьер-министр России Михаил Мишустин. По данным Росавиации, большинство россиян, которых еще не успели эвакуировать на родину, находятся в Таиланде и Индонезии. Для их вывоза будут организованы специальные рейсы.",Путешествия,Путешествия
"Ведущая и бывшая участница реалити-шоу «Дом-2»  Алена Водонаева  рассказала о своем опыте общения с журналистами федеральных телеканалов. В  интервью  YouTube-каналу «А поговорить?» она назвала их проститутками и обвинила в намеренном искажении информации. Водонаева вспомнила, что после эфира на Первом канале в ее салон красоты приехали журналисты «России 1», чтобы подключить ее к прямому эфиру. «Когда меня вывели на экраны на ""Россию 1"", я не знала, что параллельно с экраном, на котором мое лицо, куча экранов, на которых мои фотографии из журнала Maxim. Они исковеркали, просто извратили весь этот эфир, перекрикивали меня, спрашивали не по делу, а спрашивали, сколько стоит пост в Instagram и кто за мной стоит», — поделилась бывшая участница реалити-шоу. Телеведущую крайне удивили обвинения в ее адрес в том, что пост с критикой материнского капитала был оплачен российским гей-сообществом, а подключения к прямом эфиру первой репликой ведущей «России 1»  Ольги Скабеевой  было: «О, вы одеты». По мнению Водонаевой, это непрофессиональное поведение. Она также заметила, что каждый день на федеральных каналах говорят о чем-то глобальном, а не о действительно важных проблемах. Водонаева призналась, что за последние две недели разочаровалась в мужчинах и журналистике. «Хоть меня [депутат  Госдумы   Виталий ] Милонов и называл проституткой, но проститутки у нас работают не на панели, проститутки у нас работают на федеральных каналах. Я не верю, что они не знают, что происходит в стране. Я не верю, что у нас люди, работающие в телике, не знают, что в регионах семьи с двумя, с тремя детьми живут на 10, на 15 тысяч рублей в месяц», — заключила ведущая. В том же интервью Водонаева  ответила  президенту России  Владимиру Путину , назвавшему моральными уродами тех, кто критикует выплаты материнского капитала. По ее мнению, комментировать ее мнение как представителя народа таким образом было некрасиво. С критикой системы выплат материнского капитала Водонаева  выступила  15 января. Она написала в Instagram, что «отчаявшиеся от нищеты россияне или быдло, которому вечно не хватает на бутылку водки», будут заводить детей не потому, что хотят стать родителями, а ради денег в качестве материнского капитала. После скандала Водонаева приняла участие в телешоу на Первом канале и «России 1», а также создала собственный YouTube-канал. За высказывание блогершу осудили ведущие Ольга Скабеева и  Владимир Соловьев , а также депутат Виталий Милонов и спикер Госдумы  Вячеслав Володин .",Интернет и СМИ,Интернет и СМИ
"Российский боец смешанного стиля (ММА)  Вячеслав Василевский  высмеял телеведущего  Владимира Соловьева  за угрозы в адрес спортивного комментатора  Василия Уткина . Соответствующий пост он опубликовал в своем  Instagram -аккаунте. «Я, честно говоря, думал, что он телеведущий, а оказалось, он боец, да еще и с такими талантами», — подписал публикацию спортсмен. Он добавил, что ему постоянно попадается «невероятно устрашающее видео» Соловьева с угрозами Уткину. Конфликт между Уткиным и Соловьевым разгорелся 12 апреля после того, как комментатор в эфире канала «Дождь» выразил возмущение тем, что вынужден оставаться дома за свой счет и продолжать вносить все коммунальные платежи. Соловьев  пригрозил  Уткину физической расправой и посоветовал оппоненту «озираться по сторонам». Комментатор ответил на угрозы и  предрек  Соловьеву инсульт. 31-летний Василевский за карьеру провел 41 бой, одержал 33 победы и потерпел восемь поражений. Он известен выступлениями в Absolute Championship Akhmat (АСА).",Спорт,Интернет и СМИ
"США грозит волна принудительных выселений арендаторов жилья. Из-за эпидемии коронавируса в стране многие съемщики столкнулись с серьезными финансовыми трудностями и риском оказаться на улице. Об этом пишет  The Washington Post . По данным Бюро переписи населения США, 60 процентов семей, проживающих в съемном жилье, за последние месяцы пережили потерю работы или серьезное падение доходов. Среди тех, кто имеет собственный дом, таких 45 процентов. В консалтинговой фирме Stout Risius Ross предупреждают, что к октябрю 2020-го крышу над головой могут потерять до 12 миллионов американских арендаторов. Введенный в стране мораторий на выселение жильцов закончился 24 июля. Кроме того, многим перестали выплачивать «коронавирусные» пособия по безработице. «Текущий кризис может усилить жилищное неравенство. Низкие ставки по ипотечным кредитам позволяют домовладельцам или тем, кто может прямо сейчас купить дом, экономить от 100 до 300 долларов в месяц на обязательных выплатах. За бортом остались те, кто арендует жилье, и безработные, которым закрыт доступ на рынок ипотеки», — заявил изданию Джефф Такер, экономист портала недвижимости Zillow. Лето 2020-го — лучшее время для покупки жилья в США и худшее для тех, кто его арендует, подчеркивают эксперты. Ранее в июле лауреат Нобелевской премии  Роберт Шиллер   предрек  США масштабный обвал цен на жилье. По его мнению, быстрое распространение COVID-19 уже побудило многих американцев к поиску лучшей жизни за пределами мегаполисов, и деурбанизация будет набирать обороты. В результате спрос на недвижимость в городах сократится, что в свою очередь спровоцирует падение ее стоимости.",Дом,Дом
"Британская модель упала со скалы в Австралии и разбилась насмерть, делая селфи. Об этом сообщает Daily Mail. Происшествие случилось в воскресенье, 12 января, в на популярном пляже Diamond Bay. В 6:30 утра по местному времени 21-летняя Мэдалин Дэвис (Madalyn Davis) из Линкольна, Англия, возвращалась с вечеринки в компании семерых друзей. Увидев начинающийся рассвет, молодые люди решили подняться на скалы, чтобы встретить его вместе. На вершине девушка захотела сфотографироваться на фоне восходящего солнца и присела на край обрыва. Внезапно она соскользнула с 30-метровой скалы, упала и погибла от сильного удара. Семья Дэвис собирается вылететь в Австралию на опознание тела. В октябре 2019 года туристка из России  насмерть  разбилась в словенских Альпах во время катания на велосипеде. Происшествие случилось на высокогорной дороге в районе перевала Мангарт. 33-летняя россиянка не справилась с управлением на крутом повороте. Женщина упала с обрыва и, несмотря на то что на ней был защитный шлем, скончалась на месте от полученных травм.",Путешествия,Из жизни
"Российская мотоблогерша Ксения Никитина разбилась в ДТП на трассе М-8 в Московской области. Об этом сообщили в группе  «Мото Ярославль»  во «ВКонтакте». Известно, что женщина попала в аварию 11 июля около 11 утра на 87 километре трассы. Ее мотоцикл врезался в трактор, в результате Никитина скончалась на месте. Друзья Ксении рассказали, что она ехала в Ярославль на встречу с другими байкерами. Никитиной было 33 года, она вела мотоблог на YouTube-канале, на который подписаны 39 тысяч человек. В июне стало известно о  смерти  18-летней российской блогерши Анастасии Тропицель. Она насмерть разбилась на Бали во время езды на мотоцикле.",Интернет и СМИ,Из жизни
"Президент  «Норникеля»   Владимир Потанин  возглавил список богатейших россиян по версии  журнала  Forbes , сменив на первой строчке совладельца  «Новатэка»   Леонида Михельсона . Состояние Потанина оценивается в 19,7 миллиарда долларов. В мировом рейтинге миллиардеров, который составляет журнал, он занимает 41-ю строчку. На втором месте среди богатейших россиян оказался главный бенефициар  НЛМК   Владимир Лисин . Его состояние составляет 18,1 миллиарда долларов, в мировом рейтинге он занимают 45-ю позицию. Прошлогодний лидер среди россиян Леонид Михельсон в 2020-м оказался на третьей строчке с личным капиталом в 17,1 миллиарда долларов, а в глобальном списке Forbes он находится на 48-м месте. В топ-10 самых богатых россиян также вошли председатель совета директоров «Северстали»  Алексей Мордашов  (16,8 миллиарда долларов), президент  «Лукойла»   Вагит Алекперов  (15,2 миллиарда), член совета директоров «Новатэка» и  «Сибура»   Геннадий Тимченко  (14,4 миллиарда), основной акционер USM Holdings  Алишер Усманов  (13,7 миллиарда), председатель наблюдательного совета  «Альфа-Групп»   Михаил Фридман  (13 миллиардов), председатель комитета по назначениям и вознаграждениям  «Еврохима»   Андрей Мельниченко  (12,5 миллиарда) и основной владелец инвестиционной компании Millhouse  Роман Абрамович  (11,3 миллиарда). Самым богатым человеком планеты  признан  основатель  Amazon   Джефф Безос . Он также является единственным бизнесменом в списке, чье состояние превышает 100 миллиардов. На втором месте мирового списка основатель  Microsoft   Билл Гейтс . Его состояние составляет 98 миллиардов долларов. Третью позицию занимает глава группы компаний Louis Vuitton Moët Hennessy  Бернар Арно  (76 миллиардов). В общей сложности в рейтинг Forbes в 2020 году вошли 2095 бизнесменов, в том числе 102 из России. Их совокупное состояние оценивается в восемь триллионов долларов.",Экономика,Экономика
"Военно-морские силы (ВМС) США разрабатывают Affordable Mobile Anti-Submarine Warfare Surveillance System (AMASS) — мобильную противолодочную разведывательную систему, пишет американское издание The Drive, обратившее внимание на соответствующий запрос Управления военно-морских исследований. Издание сообщает, что речь идет о создании системы активных гидролокаторов, которые будут прикрепляться к буям и развертываться из стандартных транспортных контейнеров. Данная система должна, в частности, усилить американскую стационарную гидроакустическую противолодочную звуковую систему наблюдений SOund SUrveillance System (SOSUS), со времен холодной войны располагающуюся на условной линии, соединяющей Гренландию и Британские острова, — Фареро-Исландском рубеже. Целью создания AMASS называется противодействие возросшей активности флотов Китая и России. В феврале вице-адмирал ВМС США  Эндрю Льюис   заявил , что Восточное побережье Соединенных Штатов и Атлантический океан больше не являются безопасными для американских подводников из-за резко возросшей в последние годы активности России. В октябре 2019 года телерадиокомпания NRK со ссылкой на данные норвежской разведки  сообщила , что в течение нескольких дней с расположенных на Кольском полуострове баз вышло не менее восьми российских атомных подводных лодок.",Наука и техника,Наука и техника
"Глава Абсолютного бойцовского чемпионата (UFC) Дэйна Уайт признался, что его не заботит негатив фанатов по поводу его дружеских отношений с президентом США  Дональдом Трампом . Слова функционера приводит TMZ Sports. Уайт отметил, что ему «плевать» если некоторые фанаты смешанных единоборств не станут следить за боями UFC из-за своего отношения к Трампу, и он готов потерять болельщиков. «Если я кому-то не нравлюсь только потому, что дружу с этим парнем — это точно не моя проблема», — заявил он. «Этот парень... Когда я так говорю, я имею в виду президента. Так вот, он отличный друг и прекрасный человек. Мы дружим уже долгие годы», — добавил Уайт. 2 ноября 2019-го Трамп посетил турнир UFC, в главном бою которого бились Нэйт Диас и  Хорхе Масвидаль . Комментатор ивента  Джо Роган  отметил, что часть фанатов была негативно настроена по отношению к американскому лидеру. «Да, наверное пару человек за его спиной скандировали: ""США!"" Но по большей части люди просто издавали ""бу"" в его адрес. Если бы мы поспорили, я бы поставил деньги на то, что ""бу"" было больше», — заявил он.",Спорт,Спорт
"Нападающий  «Спартака»   Александр Кокорин  вновь не попал в заявку команды на матч Российской премьер-лиги (РПЛ). Список игроков доступен в  Twitter  клуба. В матче шестого тура РПЛ, который состоится 29 августа, «Спартак» сыграет с тульским «Арсеналом». Кокорина нет даже в списке запасных. При этом 20 августа красно-белые  заявили , что рассчитывают на скорый дебют форварда. Директор департамента по связям с общественностью «Спартака»  Антон Фетисов  опроверг информацию о том, что нападающий выбыл из-за травмы до середины сентября. О травме Кокорина стало  известно  9 августа. Футболист получил повреждение на тренировке перед матчем первого тура РПЛ против «Сочи». Форвард перешел в «Спартак» 2 августа. Он подписал контракт по схеме «3 плюс 1». По информации СМИ, футболист будет зарабатывать три миллиона евро в год. После пяти туров РПЛ «Спартак» располагается на втором месте, имея в активе 11 очков.",Спорт,Спорт
"Украинский фигурист  Николай Бондарь  умер в возрасте 29 лет. Об этом сообщается на  сайте  skating.com.ua. По предварительной информации, фигурист скончался от остановки сердца во сне. Бондарь — бронзовый призер чемпионата Украины 2008 года, участник юниорского чемпионата мира сезона-2007/2008 и юниорских Гран-при. После завершения карьеры он работал тренером в Китае. 3 февраля  умер  вратарь казахстанского клуба Молодежной хоккейной лиги (МХЛ) «Снежные барсы»  Вилен Прокофьев . Спортсмену было 18 лет. Он скончался от саркомы Юинга — злокачественной опухоли костного скелета.",Спорт,Спорт
"Ученые Лос-Аламосской национальной лаборатории заявили о прохождении Россией пика эпидемии коронавируса с вероятностью 67 процентов. Такие данные  приводятся  на сайте специалистов. Модель основана на данных от 20 мая 2020 года, когда в России с начала пандемии было выявлено 308 тысяч случаев заражения. Согласно оценке ученых, к 27 мая в стране должно быть от 345 до 391 тысячи случаев заражения, а количество умерших увеличится с 2972 до 3300-3900. Учитывалось, что наибольший прирост зараженных был 11 мая и составлял 11 656 тысяч человек. Таким образом, ученые утверждают, что Россия с 67-процентной вероятностью прошла пик заболеваемости. При этом модель предполагает, что мероприятия, которые ограничивают распространение коронавирусной инфекции, будут продолжены. «Пик означает, что вы в лучшем случае прошли половину первой волны вспышки. Вполне возможно, что возникнет следующая волна, если ограничительные меры будут ослаблены», — указывается в выводах специалистов. Согласно прогнозу ученых, к 1 июля 2020 года число подтвержденных случаев COVID-19 в России составит в среднем 544 тысячи (с 90-процентной вероятностью ляжет в интервал 414-880 тысяч), а число смертей — 5,3 тысячи (3,9-8,9 тысячи). По последним данным, в России зафиксировано 352 427 случаев коронавирусной инфекции в 85 регионах. С начала пандемии в стране умерли 3633 человека, выздоровели 118 798.",Наука и техника,Наука и техника
"Российская экономика, в отношении которой уже несколько лет действуют введенные странами Запада санкции, в настоящее время находится в более стабильном состоянии, чем когда-либо. Об успехе сообщает  газета Financial Times  со ссылкой на экспертов. Издание указывает, что сейчас Москве стоит бояться скорее снятия ограничений, чем введения новых запретов. Эксперты заключили, что за прошедшие годы экономике страны удалось адаптироваться: Россия сократила госрасходы и потратила триллионы рублей на программы по импортозамещению, стимулируя внутреннее производство. Издание отмечает, что это стало результатом «разумной финансовой политики, экономической адаптации за годы действия западных ограничений, а также большой удачи». В декабре 2019-го  ЕС   утвердил  продление экономических санкций против России на шесть месяцев — до 31 июля 2020 года. Указывалось, что решение принято из-за того, что не полностью выполнены минские соглашения. В ответ на это  российский МИД  посоветовал объединению скорректировать свою политику и подсчитать потери. США, страны Евросоюза и Украина впервые ввели экономические санкции против Москвы в 2014 году после того, как Крым по итогам референдума вошел в состав России. Присоединение полуострова сочли незаконным, однако Москва эти обвинения отвергает. Затем в 2015 году были введены санкции из-за конфликта в Донбассе. В ответ Москва ввела запрет на импорт продовольствия из стран, поддержавших санкции.",Экономика,Экономика
"Муж и жена из пригорода английского города Саутгемптон, графство Гэмпшир, умерли в один день в результате заражения коронавирусом. Об этом сообщает издание The Mirror. 90-летний Билл Дартнолл и его 81-летняя жена Мэри прожили в браке 63 года. Билл 40 лет работал трубочистом, а Мэри была пчеловодом. В апреле Мэри потеряла сознание дома, ее госпитализировали. Тест на коронавирус показал положительный результат. Через несколько дней Билла хватил удар, и его доставили в ту же больницу, где у него также диагностировали COVID-19. Несмотря на оказываемую Мэри медицинскую помощь, она скончалась. Когда Биллу сообщили о ее смерти, он отказался от лечения и снял с себя кислородную маску. Через несколько часов он умер во сне. У пары остались две дочери — Розмери и Энн. «Возможно, он не хотел жить без мамы. Они были такой парой, что трудно представить кого-то одного из них без другого», — сказала Розмери. Ранее  сообщалось , что супруги-долгожители из американского штате Висконсин заразились коронавирусом и скончались в один день, держась за руки. Они были женаты 73 года.",Из жизни,Из жизни
"Ведущая и бывшая участница реалити-шоу «Дом-2»  Алена Водонаева  рассказала о неоднозначном отношении к бывшей коллеге по телепроектам  Ксении Собчак . Интервью украинскому журналисту  Дмитрию Гордону  опубликовано на  YouTube . «Делились секретами, когда на нас не было микрофонов. Шептались за баней», — подчеркнула Водонаева, вспомнив общение с Собчак на «Доме-2». В период участия в реалити ей было очень интересно находиться рядом с ведущей, уточнила Водонаева. «Мне очень она нравилась. И, кажется, я ей нравилась тоже. Насколько возможно было дружить в формате ""ведущая и участница"", настолько мы и дружили», — оценила она взаимоотношения с Собчак. «Сейчас, Дмитрий, я очень по-разному к ней отношусь», — добавила бывшая участница телешоу. Она пояснила, что уважает Собчак за то, как та смогла себя проявить во многих сферах. «Но вот это странное вранье, которое порой исходит от нее», — отметила она. В пример ведущая привела слова Собчак в интервью журналисту  Алексею Пивоварову  о коронавирусе, в частности о том, что Россия хорошо справились с пандемией. Водонаева подчеркнула, что, видимо, они «с Ксений читают разные новости». В июле  были раскрыты  зарплаты участников и ведущих реалити-шоу «Дом-2». Так, первая ведущая проекта Ксения Собчак получала ежемесячно 100 тысяч долларов. Бывший участник шоу  Рустам Солнцев  заявил, что во времена пика популярности проекта расценки достигали 5 тысяч долларов. Столько получала и Алена Водонаева.",Интернет и СМИ,Интернет и СМИ
"Россия может потерять больше 50 миллиардов евро в 2022-2030 годах в случае введения нового углеродного налога в Европе. Об этом пишет принадлежащее  Григорию Березкину  издание  РБК  со ссылкой на презентацию аудиторской компании KPMG, которую показали на заседании рабочей группы комитета экологии и природопользования  Российского союза промышленников и предпринимателей  (РСПП). Решение о введении налога не принято окончательно и пока только обсуждается в  Евросоюзе . В случае утверждения инициативы сбором могут обложить товары, при производстве которых происходят выбросы углекислого газа в атмосферу. При худшем сценарии такой налог в ЕС может появиться уже в 2022 году и коснется как прямых, так и косвенных выбросов. В первом случае речь идет о выбросах непосредственно при производстве товара, во втором — о выбросах из источников, принадлежащих другим организациям, но связанных с деятельностью экспортера. В таком случае российские поставщики заплатят 50,6 миллиарда евро. В базовом сценарии налог появится в 2025 году и распространится только на прямые выбросы. Тогда в течение нескольких лет экспортеры заплатят 33,3 миллиарда евро. В самом позитивном сценарии ЕС введет налог в 2028 году на разницу между фактическими выбросами углекислого газа при производстве и эталонным объемом ЕС. В таком случае российские экспортеры заплатят 6 миллиардов до 2030 года. В случае с наиболее мягким сценарием сильнее всех пострадают поставщики газа, никеля и меди из России, поскольку углеродоемкость их продукции превышает европейский стандарт в два-три раза. Производство нефти, продукции нефтехимии, калийных удобрений и других экспортируемых товаров укладывается в европейские стандарты.",Экономика,Экономика
"По итогам 2020 года в России как минимум вдвое могут сократиться авиаперевозки. Об этом заявил министр транспорта  Евгений Дитрих , передает  ТАСС . По его словам, при оптимистичном сценарии, согласно которому восстановление перелетов может начаться уже в июле, пассажиропоток снизится до 60 миллионов человек. При этом базовый прогноз ведомства подразумевает восстановление полетов осенью. В этом случае в 2020 году будет перевезено всего около 30 миллионов пассажиров, что почти на 100 миллионов ниже прошлогодних показателей. «Если мы начнем интенсивные полеты не в июле, а осенью, то потенциально мы перевезем четверть от того объема пассажиропотока, который был в прошлом году, и восстановим окончательно отрасль только к сентябрю будущего года», — заявил министр. Ранее 16 мая Дитрих  заявил , что  Минтранс  надеется на восстановление внутренних авиаперелетов в июне 2020 года, а международных — в июле. По словам министра, власти хотели бы предоставить россиянам «возможность погреться у теплого моря и набраться витамина Д».",Путешествия,Экономика
"На Кубани российскую туристку унесло на надувном матрасе в открытое море. Об этом сообщается на официальном  сайте  регионального управления МЧС России. Инцидент произошел днем в среду, 29 июля, на Ясенской Косе в Приморско-Ахтарском районе. В ведомство поступил сигнал о том, что пятилетняя девочка на надувном матрасе в виде лебедя оказалась в акватории Азовского моря и отцу не удается ее спасти. Прибывшие на место спасатели обнаружили ребенка в трех километрах от берега, они подняли отдыхающую на борт вместе с родителем, который пытался догнать матрас вплавь. «Ребенок все это время спал на матрасе», — указано в сообщении. В результате медицинская помощь россиянке не потребовалась. Отмечается, что место произошедшего является запрещенным для купания. 5 июня сообщалось, что жительница Москвы во время прыжка с парашютом  зависла  в одном из ущелий Кабардино-Балкарии и осталась там на сутки. Инцидент произошел в Эльбрусском районе, между сельскими поселениями Бедык и Былым. Согласно данным МЧС России, группа бейсджамперов из трех человек совершила аварийную посадку на скальный рельеф.",Путешествия,Из жизни
"Банк Англии в ходе экстренного заседания понизил базовую ставку с 0,75 процента до 0,25 процента. На крайние меры пришлось пойти из-за ситуации с коронавирусом, говорится в  сообщении  регулятора. Непосредственным поводом для таких изменений стало резкое падение цен на рисковые активы и сырьевые товары, а также рекордный минимум доходности государственных облигаций. В совокупности это привело к экстремальному уровню неопределенности на финансовом рынке и заметно ухудшило перспективы национальной экономики. Наиболее критична ситуация для малых предприятий. В регуляторе признали, что эпидемия коронавируса стала экономическим шоком, который может приобрести и более значительные масштабы. Среди других мер, анонсированных Банком Англии — новая программа финансирования банков, чтобы те смогли кредитовать малый и средний бизнес по выгодным для него условиям. Речь идет о кредитах на срок до четырех лет по ставкам на уровне базовой, то есть установленные 0,25 процента. Банк Англии неохотно изменяет ставку. В ноябре 2017 года он впервые за десять лет поднял ее с 0,25 до 0,5 процента. А в начале августа ставка выросла до 0,75 процента, после чего не менялась. Неожиданное решение подстегнуло европейские биржи. Основные индексы — британский индекс FTSE 100, CAC 40 и немецкий индекс DAX растут в пределах 1-2 процентов. Ранее на аналогичные меры  пошла   Федеральная резервная система  (ФРС) США. Впервые со времени кризиса 2008 года регулятор 3 марта опустил ставку сразу на 0,5 процентных пункта — до 1-1,25 процента. Банк России  на фоне падения нефтяных котировок и, как следствие, снижения курса рубля начал продавать валюту для уменьшения волатильности. В регуляторе  не исключили  и применения других мер. Ранее при обвале национальной валюты Центробанк повышал ключевую ставку, однако пока в этом  не видят  необходимости.",Экономика,Экономика
"Популярная косметическая процедура обернулась опасным заражением для жительницы США. Ее историю опубликовал Daily Mail. Американка Шеннон Бозелл (Shannon Bozell) из Каламазу пожаловалась на местный салон красоты в социальной сети. В своем посте она рассказала о последствиях микроблейдинга бровей (процедура мануального татуажа, создающего имитацию волосков на коже) и приложила к нему несколько фотографий. «Самые уродливые брови в Каламазу», — заключила недовольная клиентка. 44-летняя женщина поделилась, что тщательно выбирала мастера, и в итоге решила пойти к владелице местного салона Энн Хикс (Anne Hicks). Результат процедуры ее не устроил, поскольку брови получились слишком темными, а их форма — неестественной. Мастер пообещала скорректировать свою работу, однако после повторного посещения салона брови американки воспалились и под ними образовались волдыри. Клиентка попросила вернуть ей деньги за неудачный микроблейдинг, но получила отказ. Владелица салона заявила, что предлагала посетительнице исправить все недочеты, но та отказалась. «Она хотела, чтобы я вернулась в третий раз, но я больше никогда не дам этой женщине прикоснуться к моему лицу», — написала Бозелл. Пользователи сети поддержали женщину. «Какой кошмар, тебе следует подать на мастера в суд», «Это самый ужасный микроблейдинг, который я когда-либо видела», «Бедная женщина, ей обязаны выплатить деньги за моральный ущерб, а салон должны срочно закрыть», — написали они в комментариях. В январе 2020 года неумелая стажерка  нарастила  клиентке ресницы и почти лишила ее зрения. Англичанка Лейни Палмер (Lainey Palmer) попала в больницу после неудачного посещения салона красоты. Начинающая специалистка не взяла денег за услугу, но оставила девушку с воспаленными глазами и поврежденными ресницами, которые не удалось восстановить.",Ценности,Из жизни
"Португальский нападающий туринского «Ювентуса»  Криштиану Роналду  погрузился на глубину 14 метров без акваланга. Спортсмен опубликовал видео из отпуска в  Instagram . На записи видно, как футболист опускается на дно с помощью троса с привязанным к нему грузом. После этого Роналду поднимается на поверхность. «Сегодня я проснулся и подумал: ""Интересно, что происходит в море?"". Зовите меня Нептуном», — подписал публикацию португалец. Роналду сопроводил пост хештегами: #непытайтесьповторить и #14метров. 14 августа Роналду и его невесту Джорджину Родригес  засняли  папарацци. Футболист проводит отпуск на собственной яхте на Лазурном берегу Франции в Сен-Тропе. 8 августа «Ювентус» вылетел из Лиги чемпионов, уступив французскому «Лиону» по итогам двухматчевого противостояния в 1/8 финала турнира. Таким образом, сезон для туринцев завершился. До этого команда выиграла чемпионат Италии.",Спорт,Спорт
"Пользователь  Reddit  с ником Thtowawaygayflower рассказал о том, как разоблачил знакомую бьюти-блогершу, которая попыталась украсть его средства по уходу за телом. Мужчина добавил, что довел девушку до слез, однако в комментариях к его посту на портале многие поддержали его, написав, что он поступил правильно. Автор поста сообщил, что старается вести здоровый образ жизни и покупать себе только дорогую и качественную уходовую косметику. Он живет с соседкой, однако она никогда не трогает его вещи в ванной. Конфликт произошел, когда к соседке пришла подруга. По словам мужчины, эта девушка позиционирует себя как бьют-блогерша. Она обозревает различные косметические средства, но не покупает их, а, как он считает, ворует у знакомых. Когда девушка гостила у них, она решила воспользоваться косметикой, принадлежавшей Thtowawaygayflower. Узнав об этом, он зашел в комнату, в которой она проводила прямой эфир, и сказал: «Нет, это мои вещи. Если ты хочешь пользоваться ими, найди работу и купи их сама». Позже блогерша пожаловалась ему, что он довел ее до слез и что из-за его заявления она потеряла всех своих подписчиков. В комментариях пользователи портала поддержали мужчину. Многих возмутило то, что бьюти-блогерша планировала протестировать косметику автора поста, даже не спросив его разрешения. В комментариях также согласились с тем, что ее поступок является воровством, и посоветовали мужчине прятать свои вещи каждый раз, когда она приходит. Ранее пользовательница Reddit  рассказала  о том, что перестала общаться с семьей после того, как мать сообщила о своей беременности всем, кроме нее. Девушка, не будучи уверенной в правильности своего решения, попросила оценить ее поступок и нашла поддержку. В комментариях многие похвалили ее за то, что она смогла вырваться из «токсичной среды».",Интернет и СМИ,Из жизни
"Генеральный директор  «Роскосмоса»   Дмитрий Рогозин  объяснил, почему он против объединения усилий с американской  компанией SpaceX  Илона Маска. Об этом он написал в своем  Twitter . «Он подрядчик  Пентагона . О каком объединении вы говорите?» — отреагировал Рогозин на соответствующий вопрос подписчика. Он добавил, что разворачиваемая компанией SpaceX спутниковая группировка Starlink, предназначенная для обеспечения жителей Земли глобальным широкополосным доступом в интернет, будет иметь двойное применение и использоваться в военных целях. «Не стройте иллюзий, граждане», — подчеркнул глава «Роскосмоса». Ранее в апреле Дмитрий Рогозин  заявил , что многоразовые ракеты менее экономически эффективны по сравнению с одноразовыми. По его словам, половина топлива уходит на то, чтобы вернуть ступени ракеты Falcon-9 от SpaceX на Землю.",Наука и техника,Наука и техника
"Названы клубы, претендующие на покупку аргентинского нападающего «Барселоны»  Лионеля Месси . Об этом сообщает The Sun. Наиболее высокие шансы у трех европейских грандов. Французский «Пари Сен-Жермен», итальянские «Ювентус» и «Интер» — все три клуба претендуют на форварда каталонцев. Отмечается, что ПСЖ способен предложить крупную сумму за переход аргентинца, в то время, как в Италии Месси мог бы платить меньше налогов, чем в Испании, что также может повлиять на выбор самого футболиста. 21 августа стало известно, что в руководстве сине-гранатовых  допустили  возможную продажу 33-летнего звездного игрока. При этом в «Барселоне» постараются удержать Месси. Нынешний контракт аргентинца с клубом истекает летом 2021 года. Клуб уже поменял тренера после разгромного поражения в четвертьфинале Лиги чемпионов от мюнхенской «Баварии». Команду покинул  Кике Сетьен , его место  занял  бывший футболист «Барселоны» голландец  Рональд Куман . Последний уже провел встречу с Месси. О недовольстве Месси ситуацией в клубе было известно и до вылета «Барселоны» из Лиги чемпионов. В минувшем сезоне команда осталась без трофеев.",Спорт,Спорт
"Работа Товарковского сахарного завода в Тульской области была приостановлена в связи с окончанием сезона. Об этом сообщает принадлежащее  Григорию Березкину  РБК. Предприятие принадлежит структуре  Россельхозбанка . Решение о возобновлении производства на следующий сезон пока не принято. Судьбу завода будет решать либо банк, либо купивший актив инвестор. Ранее Союзроссахар  сообщил , что в России из-за низких цен на сахар и убытков несколько предприятий могут остановить работу. Речь шла о Мелеузовском сахарном заводе в Башкирии, Нурлатском заводе в Татарстане и Товарковском заводе в Тульской области. Закрытие производств  может привести  к росту цен. По словам исполнительного директора ассоциации Руспродсоюз Дмитрия Вострикова, в России в настоящее время наблюдаются рекордно низкие цены на сахар из-за перепроизводства на протяжении последних лет, больших переходящих запасов и сложностей с экспортом. В связи с этим эффект на цены от закрытия заводов будет небольшим.",Экономика,Экономика
"Жительница китайской провинции Хубэй родила двух братьев-близнецов с интервалом в десять лет. Об этом сообщает издание Daily Mail. В 2009 году 41-летняя женщина обратилась к специалистам, чтобы зачать ребенка путем экстракорпорального оплодотворения (ЭКО). Из нескольких оплодотворенных эмбрионов в ее матку был перенесен лишь один, остальные заморозили. Беременность завершилась рождением первого ребенка, которого назвали Лу-Лу. В 2019 году женщина поддалась уговорам сына, давно просившего братика или сестричку. При повторном ЭКО использовался один из замороженных эмбрионов, хранившихся с 2009 года. Во вторник, 16 июня, на свет появился ее второй ребенок, которого окрестили Тун-Тун. «С медицинской точки зрения Лу-Лу и Тун-Тун — братья-близнецы», — заявил один из врачей, помогавших женщине. Вес Тун-Туна совпал с весом новорожденного Лу-Лу десять лет назад и составил 3,48 килограмма. Ранее  сообщалось , что жительница английского графства Хартфордшир, которая не могла иметь детей, стала матерью благодаря лучшей подруге. Женщина решилась на такой шаг после того, как пережила пять выкидышей, две внематочные беременности и удаление фаллопиевых труб.",Из жизни,Из жизни
"Лучшей актрисой 2019 года по версии национальной кинематографической премии «Золотой орел» стала Виктория Мирошниченко за роль в фильме «Дылда». Об этом пишет  РИА Новости . Церемония награждения началась вечером в пятницу в первом павильоне киноконцерна «Мосфильм». За звание лучшей актрисы также боролись  Стася Милославская  («Бык») и  Ирина Старшенбаум  («Т-34»). Фильм «Дылда» рассказывает историю двух молодых женщин, которые возвращаются в послевоенный Ленинград и пытаются начать новую жизнь. Премьера киноленты состоялась 16 мая 2019-го на Каннском кинофестивале. Позднее режиссера включили в список «30 самых перспективных россиян моложе 30 лет» по версии  журнала Forbes , а фильм «Дылда»  вошел  в шорт-лист претендентов премию на «Оскар». «Золотой орел» вручается с 2002 года. Победителей выбирает Национальная академия кинематографических искусств и наук России.",Культура,Культура
"Конференция католических епископов в конце апреля отправила письмо на имя генерального прокурора США  Уильяма Барра  (William Barr) с просьбой начать борьбу против вреда, которое оказывает на общество порноиндустрия. Об этом пишет  Forbes . Священники призвали  министерство юстиции  ввести законы, направленные против «непристойности», расследовать деятельность владельцев порносайтов, а также вдохновить штаты на то, чтобы «расправиться с порно». Кроме того, в письме говорится, что секс-индустрия использует растущее у людей чувство одиночества на фоне кризиса, вызванного коронавирусом. Также отмечается, что епископы хотят бороться с насилием и эксплуатацией людей. Порно, становясь все более распространенным, приносит большие проблемы, считают авторы обращения. «Беспрецедентный, неограниченный и анонимный доступ к порно приводит к тому, что пользователи все чаще ищут крайне жестокие видео», — опасаются священнослужители. Кроме того, они полагают, что разрушения института брака во многом связанно именно с негативным влиянием порно. Майкл Стэйбл (Michael Stabile), представитель компании Kink.com, выпускающей БДСМ-видео, рассказал, что  католическая церковь  не в первый раз пытается цензурировать порно, приводя в качестве примера именно фетиш-ролики. «Епископы не обеспокоены насилием или эксплуатацией. Они обеспокоены тем, что люди принимают сексуальность без стыда», — считает он. По мнению Стэйбла, выводы церкви основываются на недоказанных связях, а не на научных фактах. В марте 20-летняя порноактриса Виена Роуз (Vienna Rose)  предостерегла  других девушек от работы в индустрии для взрослых и развенчала мифы о карьере в порно. Так, она рассказала, что представление о том, что работницы секс-индустрии зарабатывают огромные деньги, ошибочно. Кроме того, она отметила, что жизнь деятеля порноиндустрии в Лос-Анджелесе не так роскошна, как это представляется.",Интернет и СМИ,Ценности
"Чемпион мира по бегу с барьерами  Сергей Шубенков  в прямом эфире в  Instagram  журналистки Марии Командной поделился мнением о том, какой политический строй сейчас действует в России. «У нас сейчас самый обыкновенный периферийный капитализм. Такой полупериферийный. Мы не совсем Африка или Юго-Восточная Азия, но как-то так. К центру поближе, но не центр», — порассуждал Шубенков. Спортсмен посчитал, что после социалистической революции Россия вернулась обратно. 17 апреля Шубенков  рассказал  об отношении к социализму и СССР. Он посчитал, что в СССР «общество было объединено на понятии, что человек человеку друг и товарищ». Шубенков — чемпион мира 2015 года. На его счету два серебра и бронза мировых первенств. На международных соревнованиях россиянин выступает в нейтральном статусе из-за отстранения Всероссийской федерации легкой атлетики.",Спорт,Ценности
"Бездомный житель английского города Лэйтон-Баззард, графство Бедфордшир, спальным мешком поймал брошенного из окна горящего дома ребенка. Об этом сообщает Unilad. Во вторник, 17 марта, в трехэтажном доме произошло возгорание. Предположительно, причиной пожара стало короткое замыкание в электроприборе на кухне, расположенной на первом этаже. После пожар распространился на все здание. Бездомный  Джейсон Барри  (Jason Barry) заметил пламя и поспешил на помощь до прибытия спасателей. Он при помощи спального мешка поймал ребенка, которого спустили из окна первого этажа. Позже пожарные спасли из горящего здания еще троих человек. В результате никто не пострадал. После случившегося пожарные опубликовали фотографию Барри на странице в Facebook и поблагодарили его за решительные и самоотверженные действия. Один из комментаторов написал: «Джейсон, ты настоящий герой. Ты должен гордиться собой. Мы все гордимся тобой. Большое спасибо тебе. Пожалуйста, помогите этому мужчине найти дом. Он, действительно, заслуживает этого больше, чем многие другие». Ранее  сообщалось , что житель Лондона по имени Лоуренс (Lawrence) стал бездомным и ночевал в аэропорту, пока не воспользовался шансом от благотворительной организации, начав работать для получения профессии мечты. По словам Лоуренса, еще ребенком он хотел работать в авиационной индустрии и любил ходить на авиационные шоу.",Из жизни,Из жизни
"Всемирная организация здравоохранения  (ВОЗ) заявила о вреде от одного из способов борьбы с коронавирусом — распыления дезинфицирующих средств. Об этом сообщает CNN. Отмечается, что речь идет о распылении дезинфицирующих средств на большой площади в закрытом помещении. Применение распылителя может повредить глаза, кожу и дыхательную систему. «Распыление или вапоризация определенных химикатов, таких как формальдегид, средств на основе хлора или соединений четвертичного аммония не рекомендуется из-за неблагоприятного влияния на здоровье», — уточнили в организации. В ВОЗ подчеркнули, что распыление дезинфицирующих средств на улицах также не рекомендуется, поскольку из-за смешения с грязью и пылью они перестают действовать. 6 апреля в США  опровергли  пользу препарата гидроксихлорохин в борьбе с коронавирусом.",Наука и техника,Наука и техника
"В южноафриканском национальном парке Крюгера нелепое противостояние львов и стада буйволов рассмешило очевидцев. Видео с животными опубликовано на канале Kruger National Park Videos в  YouTube . Кадры принадлежат местному туроператору Tim Brown Tours & Safari's города Дурбан. На запись попало, как пара львиц подкрадывается к многочисленному стаду буйволов, обращая их в бегство. Как только хищницы оказываются совсем близко, их противники оборачиваются и идут в ответное наступление. «Это так смешно и невероятно», — комментирует туристка за кадром. Львы отбегают на безопасное расстояние, после чего к ним присоединяется их сородич. Трио снова пытается атаковать буйволов и гонится за ними. Несмотря на численное преимущество, противники охотно подыгрывают и убегают прочь. Очевидцев повеселила развернувшаяся в дикой природе игра в «кошки-мышки». Вскоре к львицам на помощь прибежал лев. Таким образом животные продолжали бегать друг за другом, веселя наблюдавших за ними посетителей парка. Национальный парк Крюгера  находится на северо-востоке ЮАР. На его территории обитают около полутора тысяч львов, 12 тысяч слонов, 2,5 тысячи буйволов, около тысячи леопардов и пять тысяч носорогов. Ранее  сообщалось , что лев помог трусливой львице и показал ей, как охотиться на буйвола. Ролик был снят в национальном парке Тангариве в Танзании.",Из жизни,Из жизни
"Авиапассажир вступил в конфликт со стюардессой и оттолкнул ее ударом в лицо во время перелета. Произошедшее попало на видео, запись опубликовал таблоид Daily Mail. На размещенном в сети ролике видно, как темнокожий путешественник громко выясняет отношения с женщиной, после чего она дает ему пощечину, а он в ответ бьет ее по лицу. В результате бортпроводница падает на спинки кресел, а ее коллеги бросаются на пассажира. Как уточняет издание, инцидент произошел на рейсе бельгийской авиакомпании. Предположительно, турист в агрессивной форме пожаловался членам экипажа на одного из попутчиков, который якобы обидел его мать. Однако в разборку вмешались и другие пассажиры и представители летного состава, а также их начальница. Физическое противостояние начинается после того, как стюардесса угрожает туристу бедой, а он оскорбляет ее в ответ. В октябре прошлого года  сообщалось , что пилот и стюардесса авиакомпании Republican Airways подрались на борту самолета и попали на видео. Участниками драки оказались 36-летний пилот  Уильям Томас  и 29-летняя стюардесса Мариша Спорер. Они состояли в интимной связи.",Путешествия,Из жизни
"Цены на нефть могут восстановиться до 40-45 долларов за баррель во втором полугодии 2020-го. Такой прогноз сделал замглавы  Минэнерго России   Павел Сорокин , передает  Reuters . Сорокин предположил, что в 2021 году цены на сырье продолжат рост, если не случится непредвиденных ситуаций. По его словам, баррель нефти к тому моменту может стоить в районе 45-50 долларов. Ранее первый вице-премьер России  Андрей Белоусов   заявил , что экономика страны идет по «более-менее позитивному сценарию», несмотря на обвал цен на нефть. По его словам, признаки грядущего в 2020 году спада отсутствуют. 6 марта Россия вышла из сделки ОПЕК+, спровоцировав сильнейший с 1991 года обвал цен на нефть. На торгах 9 марта стоимость сырья опускалась на 30 процентов, до 31 доллара за баррель. Ситуация на мировых рынках привела к резкому ослаблению рубля на открытии торгов на  Московской бирже  10 марта и снижению стоимости российских акций. В Кремле заявили, что российская экономика обладает необходимым запасом прочности, чтобы пережить волатильность на рынке нефти.",Экономика,Экономика
"Главный тренер  сборной России  по биатлону  Анатолий Хованцев  заявил, что  Александр Логинов  до последнего думал отказаться от участия в эстафете на чемпионате мира. Это желание возникло у спортсмена из-за утренних обысков, которые провела в его номере в гостинице итальянская полиция, передает «Спорт-Экспресс». По словам Хованцева, возникшая ситуация — это «заказ против России». Тренер также отметил, что обыски сильно выбили Логинова из колеи, и о своем согласии выйти на старт гонки спортсмен сообщил в последний момент. Биатлонист  Евгений Гараничев , который делит с Александром номер, о желании выступить в эстафете заявил сразу же. Гараничев ранее 22 февраля  рассказал , что полиция пришла в их номер в шесть утра. Глава Союза биатлонистов России (СБР)  Владимир Драчев  заявил, что поводом для проверки стало нарушение со стороны одного из членов отечественной делегации. Александр Касперович, тренер Логинова, воспользовался аккредитацией, выданной украинскими коллегами. При этом итальянских силовиков уведомили о дисквалификации Логинова за нарушение антидопинговых правил в 2014-м. Представители  правоохранительных органов  уделили особое внимание россиянину, изъяв его телефон, компьютер и проведя обыск в машине. Посольство России в Риме  потребовало  разъяснений у итальянской стороны. Логинов с ноября 2014 года по ноябрь 2016-го был отстранен от спорта за применение запрещенного препарата эритропоэтина.",Спорт,Спорт
"В одном из магазинов петербуржцам начали выдавать книги на лопате. Об этом сообщает издание «Бумага». Уточняется, что магазин «Фаренгейт 451», расположенный на улице Маяковского, таким образом начал осуществлять бесконтактную продажу, чтобы снизить вероятность заражения коронавирусом. Владелец Платон Романов пояснил, что покупателям протягивают товар через окно, поэтому им не приходится контактировать с работниками. По словам Романова, после введения режима самоизоляции продажи резко упали, поэтому магазин начал продавать всего одну-две книги в день. В связи с этим было принято решение дарить посетителям маску при покупке трех товаров. Романов добавил, что еще месяц карантина может стать фатальным для «Фаренгейта 451». В марте  было опубликовано  исследованием о том, что россияне будут читать во время самоизоляции. Они планируют ознакомиться с произведениями  Стивена Кинга , романами  Бориса Акунина , антиутопией  Айн Рэнд  «Атлант расправил плечи», «Войной и миром» и « Анной Карениной »  Льва Толстого , «Мастером и Маргаритой»  Михаила Булгакова .",Культура,Дом
